T,o,m, ,W,i,l,k,i,e
T,o,m, ,W,i,l,k,i,e
T,o,m, ,W,i,l,k,i,e
T,o,m, ,W,i,l,k,i,e
E,d
T,o,m, ,W,i,l,k,i,e
D,a,v,i,d
S,t,e,v,e,n, ,S,h,e,e,h,y
X,i,a,n,g, ,D,a,i
D,a,v,i,d
g,r,a,n,u,l,a,r,-,r,y,a,n,b,o,n,h,a,m
D,a,v,i,d
X,i,a,n,g, ,D,a,i
D,a,v,i,d
N,i,c,h,o,l,a,s, ,N,e,z,i,s
D,a,v,i,d
D,a,v,i,d
D,a,v,i,d
X,i,a,n,g, ,D,a,i
G,o,u,t,h,a,m, ,V,e,e,r,a,m,a,c,h,a,n,e,n,i
G,o,u,t,h,a,m, ,V,e,e,r,a,m,a,c,h,a,n,e,n,i
B,r,i,a,n, ,G,a,n,n
d,o,n,g,m,a,o, ,z,h,a,n,g
D,o,w,i,d,e,i,t,",", ,S,v,e,n, ,(,O,&,A,",", ,S,t,., ,L,u,c,i,a,)
B,e,l,m,i,n, ,F,e,r,n,a,n,d,e,z
N,i,c,h,o,l,a,s, ,N,e,z,i,s
N,i,c,h,o,l,a,s, ,N,e,z,i,s
R,y,a,n, ,B,o,n,h,a,m
R,y,a,n, ,B,o,n,h,a,m
X,i,a,n,g, ,D,a,i
